# id|name|family|tier|biome indices (biomes.tsv order)|exclusive|mode|authored 12-block room graph; /=row .=void
# h pitched house; M mansion; s classroom; S school hall; K keep; T battle tower; D vaulted dungeon;
# U sewer; B bunker; F aircraft fuselage; W wing; C cell mast; G sealed glass habitat; A arch;
# P backroom gate; = street/bridge; o courtyard; q crypt; 2/3/4/6/8 occupied storeys.
# 62 exclusive commissions, one for each current biome.
ashveil_tidal_capital|Ashveil Tidal Capital|underwater_city|5|0|true|underwater|..GG.G.../.GGG=GG../GG=G=G.G./G===G==G./.GG=GGGG./..G=G..G./..GGG....
rustwater_metropolis|Rustwater Split-Avenue Metropolis|metropolis|5|1|true|surface|..34=68..../.234=8642../====o=====/h3==o==4h./.4=8o6=3../.2=====2../..hh=hhh../....sS..../....ss....
gutterglass_campus|Gutterglass Four-Court Campus|school|3|2|true|surface|ss=ss=ss./sS=SS=Ss./===oo===./ss=oo=ss./sS====Ss./..ssss.../..sSs..../...s.....
tenement_wound_steps|Tenement Wound Stair Borough|city|4|3|true|surface|..6=8./.44=6./.4==4./23=3../2==2../.=hh../.hhh../..h...
cinder_hospice_wings|Cinder Hospice Comb Ward|hospital|3|4|true|surface|s..s..s./SssSssS./===o===./SssSssS./s..s..s./...B..../..BBB...
drowned_borough_arcades|Drowned Borough Arcade City|underwater_city|4|5|true|underwater|GGG..GG./G=G..G../G=GGGGG./=======./GG.G=G../.GGG=GG./...GGG../....G...
whiteout_reservoir_school|Whiteout Reservoir Boarding School|school|3|6|true|surface|..ss.../.sSSs../ss==ss./sSooSs./ss==ss./..==.../.sSSs../..ss.../...s...
penitent_spillway_prison|Penitent Spillway Prison Sluices|sewer|4|7|true|buried|UUUUU.../UqUqU.../UUUUUUU./..UqUqU./..UUUUU./....U.../...BBB../....B...
palimpsest_archive|Palimpsest Descending Archive|dungeon|4|8|true|buried|DDD.D.../DqDDDD../DD..qD../.DDDD.../...DqD../..DDD.../..D...../.BD.....
blossom_shrine_manor|Red Blossom Petal Manor|mansion|2|9|true|surface|..hM.../.MMMh../MMooMM./hMooMh./.MMMM../...M.../..hMh../...h...
bloomfall_court|Bloomfall Butterfly Tenements|city|3|10|true|surface|3...3.../44=44.../2=o=2.../==o===../4=o=43../44=44h../2...2h../.....hh.
signalwreck_cell_chain|Signalwreck Fallen Relay and Phone Exchange|telecom|3|11|true|surface|C==C....../...=....../..BB==C.../..BB..=.../......=.../.....C=.../.....==BB./.......BB.
cordon_vehicle_school|Cordon Driver School and Checkpoint|school|2|12|true|surface|.sssss../.sS=Ss../===o===./B==o==B./.BB=BB../...=.../..BB.../..B....
blackreed_stilt_exchange|Blackreed Pump and Relay Hamlet|telecom|2|13|true|surface|h=C..../==B.../h=BB../.=..../C=hh../.===C./..BB../...B..
sunken_convoy_airliner|Sunken Convoy Broken Airliner|plane|3|14|true|underwater|...F.../...F.../.WWFWW./WWWFWWW/...FF../....F../....FW./....F..
dead_array_switchyard|Dead Array Antenna Switchyard|telecom|3|15|true|surface|C===C===C/..=.B.=../..=.BB=../C===C===./....=..../...BB..../...BBB...
sanguine_hunting_castle|Sanguine Exclusion Hunting Castle|castle|4|16|true|surface|T===K.../=MooM.../=MooM=T./K===K==./...=..../..MhM.../..hhh...
gravity_scar_gate_lab|Gravity Scar Folded Laboratory|backroom|4|17|true|buried|BB.BB../BPPPBB./BP.BPB./BPPPB../.BBB.../..P..../.BBB.../..BB...
oxide_rail_terminal|Oxide Railgrave Freight Borough|city|3|18|true|surface|B=3=BB.../B=2=BB.../=======../.=4=3=2../.=4=3=2../.======../...BBB.../....BB...
glass_reactor_containment|Glass Reactor Twin Containment|bunker|5|19|true|buried|..BBBB.../.BGoGB.../BBGGGBB../B=GGG=B../BB===BB../.BGoGB.../.BGGGB.../..BBB..../...B.....
bleached_vault_settlement|Bleached Expanse Vault Settlement|bunker|3|20|true|buried|BB...BB./BBBBBBB./B..B..B./BBBBBBB./...BBB../....B.../...BBB../...B....
bitter_orchard_homestead|Bitter Orchard Seven-House Homestead|house|1|21|true|surface|h.h.h.../=====h../h=o=h.../.=o=..../h===h.../...=..../..hhh...
capitol_ossuary_city|Capitol Ossuary Monumental City|metropolis|5|22|true|surface|..K==K..../24=AA=42../24=oo=42../===oo====./3K=AA=K3../.4====4.../.2=33=2.../..=22=..../..hhhh..../...hh.....
neon_dust_casino|Neon Dust Casino Mile|city|4|23|true|surface|.3=6=3.../.4=8=4.../===o====./s3=o=3s../.2=o=2.../.=======./...hhhhh./....h.h..
viridian_blast_bunker|Viridian Blastlands Radial Shelter|bunker|4|24|true|buried|...B..../.BBBBB../.B.B.B../BBBBBBB./B.BBB.B./.BBBBB../..B.B.../..BBB...
coalbreath_mine_sewers|Coalbreath Mine Drain Labyrinth|sewer|4|25|true|buried|UU.DD.../UUDqD.../.U.DD.../.UUUUUU./..D.U.U./..DDUUU./..qD..U./..DD..U.
shelterfall_school_vault|Shelterfall Terraced Vault School|school|3|26|true|buried|ssBss../sSBSS../ssBss../BBBBB../sSBss../ssBss../..BBB../...BB..
iron_convoy_transport|Iron Convoy Cargo Plane Wreck|plane|2|27|true|surface|..FF..../..FF..../WWFFWWW./..FF..../..FFW.../...F..../..WFW.../...F....
brotherhood_forge_keep|Brotherhood Slagfield Forge Keep|castle|4|28|true|surface|K==K.../=BB=.../=BB=T../K==K=../.BB==../.BB..../..B....
vaultroot_glass_manor|Vaultroot Conservatory Manor|mansion|3|29|true|surface|.GGMG../.GooG../MMooMM./.GooG../.GGMG../...M.../..hhh../..h....
brine_lantern_underport|Brine Lantern Underport|underwater_city|4|30|true|underwater|G..GG.../GGGGG.../.G=G..../GG=GGGG./.G=G..G./GG=GGGG./..G..G../..GGGG..
gilded_hush_palace|Gilded Hush Casino Palace|mansion|4|31|true|surface|MM...MM./M33333M./.3ooo3../.3ooo3../M33333M./MM.=.MM./..hMh.../...M....
carousel_midway_school|Carousel Wastes Midway Academy|school|2|32|true|surface|ss=ss.../sS=Ss.../==o====./h=o=hSh./==o====./sS=Ss.../ss=ss.../..hh....
hollow_crown_citadel|Hollow Crown Borough Citadel|castle|5|33|true|surface|K===T===K/=hhh=hhh=/=hoo=ooh=/K===K===K/..==o==../..Mo=oM../..M===M../....K..../....h....
rootbound_cloister|Rootbound Sanctuary Cloister Keep|castle|3|34|true|surface|..K..../.MMMh../MMooMM./M=oo=M./hMMMMh./..M..../.hhh.../...h...
leechwater_sunken_city|Leechwater Lantern Depths|underwater_city|5|35|true|underwater|G=GG.../G=G..../G=GGG../====G../GG=GG../.G=G.../GG=GGG./G.G..G./..GGGG.
cinderlake_kiln_towers|Cinderlake Triple Kiln Towers|battle_tower|5|36|true|surface|T==T..../=qq=..../=qq=.../K==K==T/...=..../..DDD.../...D....
monarch_shore_fort|Forgotten Monarch Shore Fort|castle|4|37|true|surface|K===K../=ooo=../=oKo=../K===K../..=..../.MMMh../.hMh.../..h....
blackgutter_suspended_borough|Blackgutter Suspended Borough|city|4|38|true|surface|h==3..../...=.../2==4=h./=..=.../3==2.../...=.../h==3=h./...h...
frostcrown_star_bastion|Frostcrown Star Bastion|castle|5|39|true|surface|...T...../.K===K.../.=MMM=.../T=MoM===T/.=MMM=.../.K===K.../...=...../..hKh..../...h.....
ringfall_ashen_capital|Ringfall Ashen Ring Capital|metropolis|5|40|true|surface|..K=====K.../.34hhhhh43../K3==ooo==3K./=h=ooooo=h=./=h=oK=Ko=h=./=h=ooooo=h=./K3==ooo==3K./.34hhhhh43../..K=====K.../.....M....../....hhh.....
last_ember_cathedral|Last Ember Cathedral and Crypts|dungeon|5|41|true|surface|...K.../..SSS../..SSS../KSSSSSK/..SSS../..SSS../..SSS../.qqqqq./..qqq../...q...
drowned_oath_subcloister|Drowned Oath Submerged Cloister|underwater_city|4|42|true|underwater|..GGG.../.GGGGG../GGoooGG./GGoGoGG./GGoooGG./.GGGGG../..GGG.../...G..../..GG....
listening_pines_cabin|Listening Pines Cabin|house|1|43|true|surface|hh/h.
bloodroot_lumber_manor|Bloodroot Lumber Baron's Manor|mansion|3|44|true|surface|hMM.../hMMMh./..M=h./hMMMh./hMM.../.h..../.hhh..
boomtown_main_street|Boomtown Midnight Main Street|city|3|45|true|surface|h2h=h2h./=======./M2h=h2M./...=..../hhh=ss../=======./.h2=h2../....hh..
deadward_panopticon|Deadward Asylum Panopticon|hospital|4|46|true|surface|..sSs..../.ssSss.../sS=o=Ss../SSoooSS../sS=o=Ss../.ssSss.../..sSs..../...B...../..BBB....
unburied_siege_castle|Bastion of the Unburied Siege Castle|castle|5|47|true|surface|T==K==T/=BB=BB=/K==K==K/=oo=oo=/T==K==T/...=.../..BBB../..B....
possessed_orchard_farm|Possessed Orchard Four-Barn Farm|house|2|48|true|surface|hh...hh./hM===Mh./.=ooo=../.=ooo=../hM===Mh./hh.=.hh./..hhh.../...hh...
endless_night_phone_boulevard|Endless Night Telephone Boulevard|telecom|3|49|true|surface|C==C==C../h2=3=h2../========./h2=3=h2C./..=.=..../.BB=BB.../..BBB....
mirrorward_loop_hospital|Mirrorward Loop Hospital|backroom|4|50|true|buried|sSSSss../sPPPPs../sPssPs../sPsPPs../sPPPss../sssSs.../..P...../.BB.....
kandarian_hunt_lodge|Kandarian Hunting Grounds Lodge Keep|mansion|4|51|true|surface|hM...Mh./MMMMMMM./.MoooM../KMoooMK./.MMMMM../...M..../..hhh.../...hh...
grinning_hollow_funhouse|Grinning Hollow Folded Funhouse|backroom|3|52|true|surface|hPPPh../PPoPP../Po=oP../PPoPP../hPPPh../..P.../.hhh../...h..
limbo_mourning_academy|Limbo Mourning Fields Academy|school|3|53|true|surface|sSSS.../s..S.../sSSSss./...S.S./sSSSSS./s..S.../sSSS.../..s....
lust_gale_spires|Lust Unceasing Gale Spires|battle_tower|5|54|true|surface|T==A..../...=.../A==T==A/..=..=./..A==T./.....=./....AA.
gluttony_carrion_drain|Gluttony Carrion Slough Gutworks|sewer|4|55|true|buried|UUUU..../UqqUU../UUqU.../.UUUUU./..UqqU./.UUUUU./.U...U./.UUUUU./...U...
greed_quarry_vault|Greed Burdened Quarry Vault|dungeon|5|56|true|buried|DDD...../DqDDDD../DDD.qD../..DDDD../..DqDDD./..DDDqD./....DDD./.....D../....BB..
wrath_styx_underbridge|Wrath Styx Underbridge City|underwater_city|5|57|true|underwater|GG..GG../G====G../GG=GGG../..=..G../GG=GGG../G====G../GG..GG../.....G../....GG..
heresy_ember_catacombs|Heresy Sepulcher Ember Catacombs|dungeon|4|58|true|buried|qqDqqDq./qDDDDqq./DDqDDDD./qqDDDqq./qDqqDqq./.DDDD.../...D..../..BB....
violence_thornblood_towers|Violence Thornblood Inquisition Towers|battle_tower|5|59|true|surface|T==K.../=qq=.../K==T.../...=.../.K=T.../.=.=.../.T=K.../...q...
fraud_malebolge_underworks|Fraud Malebolge Ten Trench Underworks|sewer|5|60|true|buried|UUUUUUUUUUU/U.U.U.U.U.U/UUUUUUUUUUU/..U.U.U.U.U/..UUUUUUUUU/....U.U.U.U/....UUUUUUU/......U..../.....BBB...
treachery_cocytus_vault|Treachery Cocytus Icebound Vault|dungeon|5|61|true|buried|..qqq.../.qqDqq../qqDDDqq./qDDqDDq./qqDDDqq./.qqDqq../..qqq.../...D..../...BB...
# 42 shared family commissions with explicit biome affinities.
coastal_bell_houses|Coastal Bell House Crescent|house|1|0,5,7,11,13,14,30,35,42,57|false|surface|hh...../hMh..../.hMh.../..hMh../...hh../....h..
pine_switchback_homes|Pine Switchback Homes|house|1|9,16,21,29,34,43,44,48,51|false|surface|h..hh../hh=hh../..=..../hh=hhh./h.=.hh./..hh...
ash_workers_hamlet|Ash Workers' Hamlet|house|1|4,18,25,28,32,36,40,45,52,58|false|surface|hh=hh.../hh=hh.../=======./..hh=hh./..hh=h../....hh..
dust_courtyard_homes|Dust Courtyard Homes|house|1|12,20,22,23,26,27,37,47,53,56|false|surface|hhhhh../h=ohh../h=o=h../hh=hh../..=.../.hh.../.hhh..
whisper_row_houses|Whisper Row Houses|house|2|1,2,3,8,10,17,19,31,33,38,41,46,49,50,54,59,60|false|surface|h2=h.../h2=hh../=====../.h2=h../.h2=hh./...hh..
ice_watch_hamlet|Ice Watch Hamlet|house|2|6,39,61,55,24|false|surface|..hh.../hhMh.../hh=hh../..=hh../.hhh.../..h....
broken_cargo_delta|Broken Delta Cargo Plane|plane|2|12,15,18,20,24,27,36,47,56|false|surface|...F..../...F..../..FFF.../.WWFWW../WWWFWWW./...FF.../...F..../...FW...
split_airliner|Split-Fuselage Passenger Wreck|plane|3|0,5,11,14,22,23,30,37,57|false|surface|...FF.../WWWWF.../...FWWW./...F..../...FF.../....F.../....FW../....FF..
forest_medical_plane|Forest Medical Plane and Field Ward|plane|2|4,9,16,21,29,34,43,44,48,51|false|surface|..F..../WWFWW../..F..../..FW.../..=..../.ssB.../.sBB...
polar_survey_plane|Polar Survey Wreck and Relay|plane|3|6,39,54,61|false|surface|..F..../.WFW.../WWFWW../..F..../..FW.../..=..../C=B..../..BB...
switchboard_town|Switchboard Town and Wire Lines|telecom|2|1,2,10,12,18,26,27,45,49|false|surface|C===C.../..B.=.../.BB.C.../..B.=.../C===C=B./......BB
ridge_repeater_chain|Ridge Repeater Chain|telecom|3|3,11,15,17,19,25,28,36,38,54,60|false|surface|C====C.../.....=.../..BB=C.../..B..=.../.....C===C/.........B
marsh_phone_farm|Marsh Telephone Pole Farm|telecom|2|0,5,7,13,14,30,35,42,55,57|false|surface|C=C=C../=.=.=../C=C=C../..=..../.BBB.../..BB...
reservoir_high_school|Reservoir High School|school|3|0,5,6,7,11,13,30,42,61|false|surface|sssss.../sS=Ss.../ss=ss.../==o====./ss=ssBs./sS=SsBs./sssss...
urban_technical_campus|Urban Technical Campus|school|3|1,2,10,12,18,22,23,26,27,45,49|false|surface|ssSSss../s=oo=s../S=oo=S../s====s../ssSSss../..ss.../..sSs../...ss..
monastic_school|Monastic School and Scriptorium|school|3|8,9,33,34,37,39,41,47,53,58,59|false|surface|KsssK../s.o.s../SoooS../s.o.s../KsssK../..S.../.sss../.s....
woodland_boarding_school|Woodland Boarding School|school|2|4,16,21,29,43,44,46,48,50,51|false|surface|ss..ss../sS==Ss../ss=o=s../..=o=.../ss=o=ss./sS===Ss./ss...ss.
canal_grid_metropolis|Canal Grid Metropolis|metropolis|5|0,1,5,10,11,22,30,49|false|surface|234=432=23./===o===o==./486=864=42./486=864=42./===o===o===/23=o=32=64./24=o=42=64./===o===o===/hhhhh=hhh../..hhh=hh.../.....ss....
radial_civic_city|Radial Civic City|metropolis|5|18,20,22,23,24,27,31,32,45|false|surface|....K...../..23=32.../.246=642../.3==o==3../K==ooo==K./.3==o==3../.246=642../..23=32.../....=...../...hhh..../....hh....
mountain_bridge_city|Mountain Bridge City|city|5|3,17,25,28,33,38,39,40,54,56,60|false|surface|K=43..../..4=2.../..3=4.../K===o==K/...4=2../...2=4../....=.../...hhh../....hh..
fortified_market_city|Fortified Market City|city|4|12,21,26,34,37,41,47,51,53|false|surface|K=====K/=h2h2h=/=2ooo2=/=hSoSh=/=2ooo2=/K=====K/...M.../..hhh../..h....
triple_bailey_castle|Triple Bailey Castle|castle|5|16,28,33,34,36,37,39,40,41,47,51,59|false|surface|K===K..../=ooo=..../K===K=T../..=ooo=../..K===K../....=..../...MMM.../....h....
river_gate_castle|River Gate Castle|castle|4|0,7,13,30,35,37,42,55,57,61|false|surface|K==K..../=MM=.../=oo=.../K==K.../..==K../..MM=../..K=K../...h...
quarry_battle_spire|Quarry Battle Spire and Barracks|battle_tower|4|17,19,20,24,25,28,36,47,54,56,60|false|surface|..T.../.BBB../BBB.../.B..../.B=T../.BB.../..B...
paired_bell_towers|Paired Bell Battle Towers|battle_tower|4|8,9,16,33,34,37,39,40,41,53,58,59,61|false|surface|T===T./=qqq=./=qoq=./K===K./..q.../.qq.../..qq..
ward_drain_network|Ward Drain Network|sewer|3|1,2,5,7,10,18,22,26,32,45,46,49,50|false|buried|UUUUUUU/U.U...U/UUUUU.U/..U.UUU/..UUU.U/....UUU/...BB..
marsh_pump_labyrinth|Marsh Pump Labyrinth|sewer|4|0,7,13,14,30,35,42,55,57|false|buried|UUBBUU./U.UU.U./UUUUUU./.U..U../.UBBUU./.UU.UU./..UUU..
crypt_inverted_tree|Inverted-Tree Crypt|dungeon|4|8,16,33,34,36,37,40,41,47,53,58,59,61|false|buried|qDqDqDq/DDDDDDD/.D.D.D./.DDDDD./...D.../..qDq../..DDD../...B...
spiral_prison_dungeon|Spiral Prison Dungeon|dungeon|5|3,8,17,19,24,25,31,38,46,50,54,56,60|false|buried|DDDDDDD/D..D..D/D.DDD.D/D.DqD.D/D.DDD.D/D.....D/DDDDDDD/...D.../..BBB..
command_horseshoe_bunker|Command Horseshoe Bunker|bunker|4|12,15,18,19,20,24,25,27,28,47,56|false|buried|BBBBBBB/BB...BB/B.BBB.B/B.B.B.B/BBBBBBB/...B.../..BB.../..BBB..
medical_bunker_compound|Medical Bunker Compound|bunker|3|4,6,12,19,24,26,29,43,46,50,61|false|buried|ssBss.../sSBSS.../BBBBBBB./..B.sSB./..BBBss./..B...../.BBB....
split_level_refuge|Split-Level Civil Refuge|bunker|2|1,2,3,10,17,20,22,23,26,31,45,49,52,60|false|buried|BB.BB../BBBBB../.B.B.../.BBBBB./..B.BB./..BBB../...B...
sunken_dome_district|Sunken Dome District|underwater_city|5|0,5,7,13,14,30,35,42,55,57|false|underwater|.GG.GG../GGG=GGG/Goo=ooG/GG===GG/..G=G../GG===GG/Goo=ooG/GGG=GGG/.GGGGG./...G...
sunken_research_campus|Sunken Research Campus|underwater_city|4|0,5,11,14,30,35,42,57|false|underwater|GG=GG.../Go=oG.../GG=GG.../===G===./GG=GG=G./Go=oG=G./GG=GGGG./.....G..
coastal_airlock_borough|Coastal Airlock Borough|underwater_city|3|0,5,7,13,30,35,42,55,57|false|underwater|G=G=G.../GGGGG.../.G.G..../.GGGGGG./...G.GG./..GGGG../...G....
impossible_office|Impossible Office Backroom Annex|backroom|4|1,2,3,8,10,15,17,19,23,31,46,49,50,52,54,60|false|buried|PPPPP../P.P.P../PPP.P../..PPP../PPP.PP./P.P.PP./PPPPP../..BB...
motel_threshold|Motel Threshold Backroom Court|backroom|3|4,9,12,20,21,26,29,32,43,44,45,48,51,52|false|surface|hhhPhhh/h..P..h/hPPPPPh/..PPP../...P.../..hh.../..hhh..
buried_station_threshold|Buried Station Threshold|backroom|4|6,7,11,18,22,24,25,27,28,36,38,39,40,56,61|false|buried|BPPPB.../BP.PB.../BPPPB.../..P...../BPPPPPB./BP.P.PB./BPPPPPB./....B...
monument_threshold|Monument Threshold Gatehouse|backroom|4|0,5,13,14,16,30,33,34,35,37,41,42,47,53,55,57,58,59|false|surface|..A..../.PPP.../PPoPP../PoooP../PPoPP../.PPP.../..P..../.qqq.../..qq...
stormglass_manor|Stormglass Observatory Manor|mansion|3|6,11,15,17,19,31,39,50,54,61|false|surface|.MGM.../MMGMM../MoooM../MMGMM../.MGM.../..M..../.hhh.../..hh...
woodland_longhouse_manor|Woodland Longhouse Manor|mansion|3|9,16,21,29,34,43,44,48,51|false|surface|hMMMMMh/hMoooMh/.MoooM./hMMMMMh/...M.../..hMh../..hhh..
industrial_courtyard_manor|Industrial Courtyard Manor|mansion|3|1,3,4,10,18,20,22,23,25,27,28,31,32,45,46,49,52,56,58|false|surface|MM=MM../MoooM../MoooM../MM=MM../..=.../.BBB../.BB...
# Expansion commissions: append only. The 104 data rows above are the frozen v1 selection pool.
# R rail platform; V vaulted station concourse (2 floors); L research laboratory (2); E engine/pump hall;
# I enclosed cistern; J infirmary; H monastic chapel (2); Y refectory/dormitory (2); O observatory (3);
# Q ossuary; X barred cell block; Z archive (2); a open cloister; b kiln; c mortuary; e shored excavation;
# g conservatory (2); i harbor workshop; j market colonnade; k reliquary spire (3); l auditorium;
# m map/survey room; t sally-port barracks (2); v wind arcade; w bathhouse; p signal exchange (2).
# All new motifs retain the three-wide cardinal passages, west stairs and east cache recess.
# 62 further exclusive dungeons, in biome order. Mixed room programs are part of each commission.
ashveil_customs_cistern|Ashveil Customs House and Drowned Cistern|cistern|4|0|true|underwater|..IiI../.IIEII./iIEVEmi/.IV.VI./.JIIIJ./..XIX../...i...
rustwater_last_train|Rustwater Last-Train Metro Interchange|metro|4|1|true|buried|..pRRRRp../..R.JJ.R../pRRRVRRRp./RZ.VV.X.R./RRRVVRRRR./R.YJJY.R../RRRRRRRRR./.EJJXEE.../...VVV..../....V.....
gutterglass_anatomy_annex|Gutterglass Anatomy Theatre and Detention Annex|infirmary|3|2|true|buried|JJ.lJJ/JZllZJ/.XllX./.JcLJ./..c.../.XXZ../..V...
tenement_counterweight_prison|Tenement Counterweight Prison and Liftworks|prison|4|3|true|buried|tX..EE/.XXXE./.X.ZE./mXXZE./...X../..XXX./..V...
cinder_hospice_morgue|Cinder Hospice Mortuary and Isolation Wards|mortuary|4|4|true|buried|cJcJc../JJJJJ../c.L.c../ccLccJ./..L.JJ./..LXX../..VV.../...V...
drowned_borough_bathworks|Drowned Borough Municipal Bathworks|bathhouse|4|5|true|underwater|wIw.wI./wIwwwI./.EwIwE./.IwIwI./.wwwww./...J.../..iJi../...i...
whiteout_meridian_station|Whiteout Meridian Observatory and Survey Vault|observatory|4|6|true|surface|OvvO.../vmmv.../vZLv.../OvvOm../..Lmm../..LJ.../.ttt.../..t....
penitent_ebb_prison|Penitent Ebb-Tide Prison Cistern|prison|4|7|true|buried|XXIXX./X.I.X./XIIIX./.EIE../XXIXX./X.I.X./XXIXX./..V.../.iV...
palimpsest_sealed_index|Palimpsest Sealed Index and Ossuary Stacks|archive|5|8|true|buried|ZQZQZQZQZ/Z.Z.Z.Z.Z/ZZZZZZZZZ/.Q.X.X.Q./.QZZkZZQ./.Z.Q.Q.Z./.ZZZZZZZ./..mZZZm../....V....
blossom_mourning_monastery|Red Blossom Mourning Monastery|monastery|4|9|true|surface|..kH.../.YHHY../ZHaHZ../YaaaY../YHaHY../..Hgg../..Qcg../..Q....
bloomfall_broadcast_theatre|Bloomfall Broadcast Theatre and Glasshouse|auditorium|3|10|true|surface|gllg../gllg../pVVpZ./JVVJZ./.VV.../.XX.../..V...
signalwreck_fog_observatory|Signalwreck Fog Observatory and Listening Bunker|observatory|4|11|true|surface|Ovp..../vvpm.../OpLL.../..lL.../.lll.../.EpE.../..V....
cordon_quarantine_lab|Cordon Quarantine Research Bunker|research|4|12|true|buried|tJt..../JJJLL../J.LXL../JJLLL../..E.X../.EEEJ../..VJ.../..V....
blackreed_sampling_cistern|Blackreed Reed-Bed Sampling Cistern|cistern|3|13|true|buried|IIL.../I.LL../IEEIL./.I.II./.III../..w.../.ii.../..i...
sunken_convoy_salvage_lock|Sunken Convoy Salvage Lock and Pressure Lab|harbor|4|14|true|underwater|iiEii../i.E.i../iiLii../.LLLI../.LILI../..III../..Xp.../...i...
dead_array_listening_bunker|Dead Array Deep Listening Bunker|signal|5|15|true|buried|pLppLp./p.LL.p./pplLpp./..ll.../.ZllZ../.EEJE../..XXX../...V...
sanguine_field_autopsy|Sanguine Exclusion Field Autopsy Compound|research|4|16|true|buried|JcJ.../LLLtt./L.L.t./LLLtt./..cX../.ccX../..V.../..m...
gravity_scar_lens_vault|Gravity Scar Lens Vault and Pendulum Observatory|observatory|5|17|true|buried|OL.O../LLLOm./L.PLm./LPLL../.LP.../.LZZ../..ZE../..VV..
oxide_thirteen_platforms|Oxide Railgrave Thirteen-Platform Terminus|metro|5|18|true|buried|R.R.R.R../RRRRRRRp./R.RVR.R../RRVZVRR../R.RVR.R../RRRRRRRE./R.R.R.R../...VV.../....V...
glass_reactor_isotope_wells|Glass Reactor Isotope Wells and Control Galleries|research|5|19|true|buried|LL.E.LL./LLEELL../LEIIIEL./pEIIIEp./LEEJEEL./.LXXXL../..ZZZ.../...V....
bleached_aquifer_vault|Bleached Expanse Aquifer Vault|cistern|4|20|true|buried|II.II../IIEII../.EEE.../JEVEEJ./JYVYJJ./.YXY.../..X..../..V....
bitter_orchard_seed_abbey|Bitter Orchard Seed Abbey and Root Cellars|monastery|3|21|true|surface|ggHgg./g.H.g./YYHYY./YaaaY./.HcH../.QcQ../..c.../..h...
capitol_ossuary_metro|Capitol Ossuary Monument Metro and Burial Line|metro|5|22|true|buried|QZVRVZQ./QQVRVQQ./..RRR.../RRRVRRR./R.QZQ.R./RRRVRRR./..R.R.../.pRERp../...V....
neon_dust_counting_house|Neon Dust Counting House and Casino Service Vault|archive|4|23|true|buried|ZZlZZ../ZlllZ../XVVVX../E.V.E../EVVVE../.JwJ.../..V..../.VV....
viridian_decontamination_well|Viridian Blastlands Decontamination Well|research|5|24|true|buried|JJLLJJ./J.LL.J./JLEELJ./.LIIL./.LLLL../..XX.../.tVt.../..V....
coalbreath_survey_mine|Coalbreath Survey Mine and Furnace Galleries|excavation|4|25|true|buried|bEem../bEemm./.E.e../.eeeE./.e.bE./.eebb./...t../..tV..
shelterfall_civic_vault|Shelterfall Civic Vault and Underground Assembly|refuge|3|26|true|buried|JYlYJ./JYlYJ./ZVlVZ./.VVV../EVEVE./YV.VY./YVVVY./..V...
iron_convoy_armored_depot|Iron Convoy Armored Rail Depot|metro|4|27|true|buried|tRRRt../tRERt../.RER.../pRERp../.RRRJJ./.VtVJ../..t....
brotherhood_bell_foundry|Brotherhood Bell Foundry and Siege Workshops|foundry|4|28|true|surface|btb.../bEbtt./bEb.t./tEtEt./.EEE../..k.../.tkt../..t...
vaultroot_spore_laboratory|Vaultroot Spore Laboratory and Seed Library|conservatory|4|29|true|buried|ggLgg./g.L.g./gLLLg./ZZLZZ./.LwL../.JLJ../..V.../.JV...
brine_lantern_ferry_crypt|Brine Lantern Ferry Crypt and Pump House|harbor|4|30|true|underwater|ii.ii../iIiii../.IE.I../QIEIQ../Q.I.Q../QQIQQ../..cI.../...i...
gilded_hush_resonance_hall|Gilded Hush Resonance Hall and Gilt Archive|auditorium|5|31|true|surface|ZlkZ../ZlllZ./wlVlw./wVVVw./.pVp../..V.../.JZJ../..Z...
carousel_midway_understage|Carousel Midway Understage and Service Railway|auditorium|3|32|true|buried|lRlRl../VRRRV../XRERX../.RER.../.RRR.../..pJ.../.EJJ.../..V....
hollow_crown_pale_monastery|Hollow Crown Pale Monastery and Royal Ossuary|monastery|5|33|true|surface|..kHHHk../.YHHHHHY./ZHaaaaaHZ/YHaHaHaHY/ZHaaaaaHZ/.YHHHHHY./..QcQcQ../.QQQkQQQ./...HHH.../....t....
rootbound_herbarium_cloister|Rootbound Herbarium Cloister and Vow Crypt|monastery|4|34|true|surface|gYHg.../gYHgg../HHaHH../ZaaaZ../HHHHH../.QkQ.../..Q..../..h....
leechwater_filter_basilica|Leechwater Filter Basilica|cistern|5|35|true|underwater|IHIHI../IH.HI../IIIII../EwIwE../IHIHI../IH.HI../IIIII../..Ei.../..ii...
cinderlake_ash_reliquary|Cinderlake Ash Reliquary and Kiln Catacombs|foundry|5|36|true|buried|bbQbbQbb/b.Q.b.Qb/QQkQQkQQ/b.Q.b.Qb/bbQbbQbb/.QcQQcQ./.Q.bb.Q./.QQQQQQ./...tt.../....t...
monarch_tide_monastery|Forgotten Monarch Tide Monastery|monastery|4|37|true|surface|kHHi.../HaaHi../HaYH.../HHHHk../..wY.../.QwY.../.QQ..../..i....
blackgutter_chain_liftworks|Blackgutter Chain Liftworks and Underchasm Cells|prison|4|38|true|buried|EE.../EEXX./.E.X./.EEX./...X./.XXX./.XZE./.VEE./..V..
frostcrown_ninth_meridian|Frostcrown Ninth-Meridian Monastery|observatory|5|39|true|surface|..OvvvO../.vvHHHvv./OvZZHZZvO/.vHaaaHv./OvZZHZZvO/.vvHHHvv./..OvvvO../...YYY.../..QkQkQ../...QQQ.../....t....
ringfall_processional_vault|Ringfall Processional Vault of the Ashen Kings|catacomb|5|40|true|buried|QkQ.QkQ./QQQ.QQQ./.QHHHQ../.ZHaHZ../.QHHHQ../QQQ.QQQ./QkQQQkQ./...Q..../..QQ.../...t....
last_ember_bell_monastery|Last Ember Bell Monastery and Choir Crypt|monastery|5|41|true|surface|..k..../.HHH.../YHlHY../YHlHY../ZHHHZ../.QaQ.../QQcQQ../.QQQ.../..H....
drowned_oath_tide_scriptorium|Drowned Oath Tide Scriptorium|archive|4|42|true|underwater|ZHZ.../ZHZQ../IHIQ../IHHH../IwHwI./IQHQI./.QHQ../..i...
listening_pines_tape_vault|Listening Pines Tape Vault and Buried Chapel|signal|3|43|true|buried|pZp../plp../ZllZ./.JlJ./.cH../.QHQ./..h..
bloodroot_sawmill_ossuary|Bloodroot Sawmill Ossuary|mortuary|4|44|true|buried|EccE../EEcEE./.QcQ../QQcQQ./.QcQ../..Z.../.tZt../..h...
boomtown_midnight_subway|Boomtown Midnight Subway and Municipal Lockup|metro|4|45|true|buried|pRRRp../.RVR.../XRVRX../XRVRX../.RRR.../.EJE.../..JV.../...V...
deadward_hydrotherapy_cells|Deadward Hydrotherapy Cells and Dissection Theatre|infirmary|4|46|true|buried|JwJwJ../JwJwJ../XJlJX../XXlXX../.ccc.../.ZcZ.../.ZZZ.../..V....
unburied_siege_catacombs|Unburied Siege Catacombs and Ballista Workshops|catacomb|5|47|true|buried|tQttQt/tQQQQt/.QEEQ./.QbbQ./tQQQQt/tQttQt/..c.../.ttt../..t...
possessed_orchard_presshouse|Possessed Orchard Presshouse and Root Ossuary|mortuary|3|48|true|buried|gEg.../gEg.../cEcQ../cQcQ../.QQQ../.YQY../..h.../.hh...
endless_night_terminal|Endless Night Terminal and Telephone Catacombs|metro|4|49|true|buried|pRRp.../pRRpZ../.VV.Z../RRRRR../R.l.R../RRRRR../..E..../.JXJ.../..V....
mirrorward_observation_lab|Mirrorward Observation Lab and Interview Rooms|research|4|50|true|buried|LJlJL./L.P.L./LLPLL./JPLPJ./LLPLL./..Z.../.XZ.../.VV...
kandarian_watch_abbey|Kandarian Watch Abbey and Hunters' Ossuary|monastery|4|51|true|surface|tHkHt./tHaHt./YaaaY./YHaHY./.HHH../.QZQ../..Z.../.hhh../..h...
grinning_hollow_mask_theatre|Grinning Hollow Mask Theatre and Prop Vaults|auditorium|4|52|true|buried|llPll./l.P.l./llPll./cZPZc./.PPP../..E.../.JXJ../..V.../..h...
limbo_unfinished_scriptorium|Limbo Unfinished Scriptorium and Quiet Cloister|archive|4|53|true|surface|ZHZHZ./Z.H.Z./ZZHZZ./.HaH../YaaaY./YHHHY./.QcQ../..Q...
lust_wind_lens_abbey|Lust Wind-Lens Abbey and Pendulum Galleries|observatory|5|54|true|surface|OvvO..../v..vO.../vmmvv.../OvvO..../..Hv.../..HvO../.YHY.../..k....
gluttony_rendering_cistern|Gluttony Rendering Cistern and Carrion Kitchens|cistern|4|55|true|buried|cEcEc../cEEEc../wEIEw../wEIEw../.III.../QIcIQ../.cIc.../..V....
greed_assay_catacombs|Greed Assay Catacombs and Counting Galleries|excavation|5|56|true|buried|eEZZEe/eEZZEe/.QQQQ./.QkkQ./.QZZQ./.QQQQ./..XX../..Vm../...V..
wrath_ferrymen_lock|Wrath Ferrymen's Lock and Drowned Cells|harbor|5|57|true|underwater|iIXXIi./iIXXIi./.IEEI../iiIIii./iI..Ii./iIIIIi./..cc.../.QQQ.../..i....
heresy_censer_catacombs|Heresy Censer Catacombs and Broken Seminary|catacomb|5|58|true|buried|bQbQb./QQQQQ./QkQkQ./.QcQ../ZQHQZ./.QHQ../..H.../.HH.../..t...
violence_thorn_infirmary|Violence Thorn Infirmary and Penitents' Abbey|infirmary|4|59|true|surface|tJJt../tJHt../YHHY../YaaY../XXHX../XQHX../.QHQ../..t...
fraud_counterfeit_archive|Fraud Counterfeit Archive and Tribunal Cells|archive|5|60|true|buried|ZXXZXXZ./ZZZ.ZZZ./.ZlllZ../.ZlPlZ../.ZlllZ../ZZZ.ZZZ./ZXXZXXZ./...E.../..VV.../...V...
treachery_frozen_meridian|Treachery Frozen Meridian and Witness Crypt|observatory|5|61|true|buried|OQOQO./OQQQO./.ZQZ../QZIZQ./QQIQQ./.cIc../..I.../.XX.../..V...
# Shared minor ruins (tiers I/II): short detours with recognizable purposes, not full district footprints.
metro_signal_hut|Metro Signal Hut and Track Stub|metro|1|1,18,22,27,45,49|false|surface|pR/ER/.R
metro_ticket_crypt|Metro Ticket Hall and Platform Crypt|metro|2|1,2,10,18,22,32,45,49|false|buried|VRR/Z.R/ZRR/.V.
rail_water_tower_pump|Rail Water-Tower Pump House|cistern|1|12,18,20,25,27,45|false|surface|IE/ER/.R
canal_lockkeepers_recess|Canal Lockkeepers' Recess|harbor|1|0,5,7,13,14,30,35,42,55,57|false|surface|iI./.Ii/..i
salt_customs_watch|Salt Customs Watch and Bond Store|harbor|2|0,5,11,14,30,37,57|false|surface|tii/t.i/tii/..i
marsh_filter_shed|Marsh Filter Shed|cistern|1|7,13,29,30,35,42,55|false|surface|IIE/.wE/..i
fallen_bell_hermitage|Fallen Bell Hermitage|monastery|1|9,16,33,34,37,41,43,51,53|false|surface|Ha./.aY/.h.
wayside_bone_chapel|Wayside Bone Chapel|catacomb|2|8,22,33,36,40,41,47,53,58,59,61|false|buried|QHQ/Q.Q/QQQ/..c
orchard_press_ruin|Orchard Press and Seed Shed|conservatory|1|9,21,29,43,44,48,51|false|surface|gE./.Eg/.hh
broken_glass_potting_house|Broken-Glass Potting House|conservatory|1|4,9,10,16,21,29,34,43,44,48,50|false|surface|gag/.a./.Jh
roadside_triage_bay|Roadside Triage Bay|infirmary|1|2,4,6,12,16,24,26,43,46,50,59|false|surface|Jt/J./JJ
abandoned_autopsy_cottage|Abandoned Autopsy Cottage|mortuary|2|4,16,43,44,46,48,50,51,52|false|buried|cJc/ZZ./.V.
surveyors_wind_station|Surveyors' Wind Station|observatory|2|3,6,11,15,17,19,25,38,39,54,60,61|false|surface|Ovm/..m/..t
meridian_milestone|Meridian Milestone and Map Shelter|observatory|1|3,6,17,20,23,27,37,39,54,56,61|false|surface|mvv/.v./.m.
excavators_shoring_camp|Excavators' Shoring Camp|excavation|1|3,17,20,24,25,28,38,40,56,60|false|surface|eem/e../Et.
kiln_workers_refuge|Kiln Workers' Refuge|foundry|2|18,25,28,36,40,45,47,56,58|false|surface|bEb/.E./tEt/.t.
abandoned_assay_office|Abandoned Assay Office|archive|2|8,20,22,23,25,27,31,56,60|false|buried|ZmZ/ZE./.Et
listening_post_recess|Listening Post Recess|signal|1|11,12,15,16,17,19,24,27,43,49,50|false|buried|pEp/..J/..V
telephone_battery_house|Telephone Battery House|signal|2|1,2,10,11,15,18,26,32,45,49|false|surface|pEp/E../pV./.V.
quarantine_sample_depot|Quarantine Sample Depot|research|2|4,12,13,14,16,19,24,29,46,50|false|buried|LJ/JJ/EX/.V
storm_drain_bath|Storm-Drain Bath and Boiler|bathhouse|1|0,1,5,7,10,13,30,35,42,46,55,57|false|buried|wE./wIw/..V
roadside_pilgrim_bath|Roadside Pilgrim Bath|bathhouse|2|9,21,33,34,37,41,51,53,59|false|surface|wHw/.a./Yah/..h
cemetery_receiving_house|Cemetery Receiving House|mortuary|1|4,8,22,33,40,41,43,46,53,58,61|false|surface|cQc/.Q./.h.
crypt_scribes_stair|Crypt Scribes' Stair|archive|2|8,22,31,33,39,40,41,53,58,60,61|false|buried|ZQ./.QQ/.QZ/..V
watchkeepers_sally_port|Watchkeepers' Sally Port|barracks|2|3,12,16,20,27,28,33,37,39,47,51,59|false|surface|tXt/t.t/ttt/.m.
quarry_pay_window|Quarry Pay Window and Holding Cells|prison|1|18,20,23,25,28,31,38,56,60|false|surface|Xm/XX/.e
midway_mask_kiosk|Midway Mask Kiosk and Prop Store|auditorium|1|10,23,31,32,45,49,52|false|surface|jlj/..Z/..h
school_broadcast_booth|School Broadcast Booth and Assembly Ruin|auditorium|2|2,4,6,10,26,32,46,50,52,53|false|surface|plJ/.lJ/.VV
open_air_salvage_exchange|Open-Air Salvage Exchange|market|1|1,12,18,20,21,22,23,26,27,32,45,49|false|surface|jij/.i./.jt
wind_caravan_shelter|Wind Caravan Shelter|market|2|3,17,20,23,25,27,37,38,39,54,56,60|false|surface|jvm/.v./tvj/..t
lost_reliquary_stair|Lost Reliquary Stair and Votive Yard|reliquary|2|8,9,16,33,34,36,37,40,41,42,47,51,53,58,59,61|false|surface|ak/Qa/.h
flood_markers_boathouse|Flood-Markers' Boathouse|harbor|1|0,5,7,11,13,14,30,35,42,55,57|false|surface|imi/i../ii.
# Shared medium and major expeditions. Affinities group coast, industrial, civic, woodland and sacred sites.
metro_crossline_interchange|Metro Crossline Interchange and Civil Shelter|metro|4|1,2,10,18,22,26,32,45,49|false|buried|..pR.../RRRRRR./R.VV.R./RRVVRR./..RJ.../.YRJY../..VV...
metro_abandoned_freight_loop|Metro Abandoned Freight Loop|metro|3|12,18,20,22,24,25,27,28,45,56|false|buried|RRRRRE/R.E..R/R.EE.R/R.JX.R/RRRRRR/...V../..VV..
metro_memorial_terminal|Metro Memorial Terminal and Catacomb Platforms|metro|5|1,8,18,22,33,40,45,49,58|false|buried|QRQ.QRQ./RRR.RRR./.RVVVR../QZVlVZQ./.RVVVR../RRR.RRR./QRQVQRQ./...J..../..VV....
metro_coastal_pressure_station|Metro Coastal Pressure Station|metro|4|0,5,7,11,14,30,35,42,57|false|underwater|IRRRI../IE.EI../IRVRI../.IRI.../.JRJ.../..R..../.iVi.../..i....
catacomb_seven_burial_aisles|Catacomb of Seven Burial Aisles|catacomb|4|8,22,33,36,37,40,41,47,53,58,59,61|false|buried|QcQcQcQ/QQQQQQQ/Q.Z.Z.Q/QQQkQQQ/..Q.Q../..QQQ../...H.../..HH...
catacomb_procession_loop|Catacomb Procession Loop and Embalming House|catacomb|3|4,8,33,34,40,41,43,44,46,48,53,58|false|buried|QQQQQ/Q...Q/Qcc.Q/Q.cZQ/QQQQQ/..H../..h..
catacomb_drowned_bell|Catacomb of the Drowned Bell|catacomb|4|0,5,7,13,30,35,37,42,55,57|false|underwater|QHQ.../QHQI../QHHI../.QQI../.QIIQ./.QQQQ./...i..
cistern_three_pressure_wells|Cistern of Three Pressure Wells|cistern|4|0,5,7,13,14,20,24,30,35,42,55,57|false|buried|III.III/IEIIIEI/IIIEIII/...E.../..III../..IEI../..III../...V...
cistern_civic_filter_hall|Civic Filter Hall and Reservoir Archive|cistern|3|1,2,5,6,7,10,22,26,30,45,46,49|false|buried|IEIEI./IIIII./ZIVIZ./.IVI../.JVJ../..V.../.VV...
research_cryo_annex|Research Cryo Annex and Isolation Galleries|research|4|6,12,15,17,19,24,26,29,39,46,50,61|false|buried|LJLJL../J.L.J../LLLLL../.LXLJ../.LXLJ../..E..../.EEV.../...V...
research_containment_spokes|Research Containment Spokes|research|5|12,15,16,17,19,24,29,50|false|buried|..LJL.../.LLLLL../LJLELJL./.LEIEL../LJLELJL./.LLLLL../..XXX.../...V....
research_marsh_sampling_dome|Marsh Sampling Dome and Tide Lab|research|3|0,5,13,14,29,30,35,42,55,57|false|underwater|gLLg./LwwL./LIIL./gLLg./.EI../.iI../..i..
monastery_four_seasons|Monastery of the Four Silent Seasons|monastery|4|9,16,21,33,34,37,39,41,51,53,59|false|surface|kHYHk./HaaaH./ZaHaZ./YaaaY./kHYHk./..Q.../.QcQ../..H...
monastery_cliff_scriptorium|Cliff Scriptorium and Wind Cloister|monastery|4|3,8,17,33,34,37,38,39,40,41,54,60|false|surface|Ovv.../vZYH../vZHH../OvaY../..aY../.HHH../.QkQ../..t...
monastery_pilgrim_refectory|Pilgrim Refectory and Herb Garden|monastery|3|9,16,21,29,34,37,43,48,51,53|false|surface|gYHYg../gYHYg../.aaa.../ZHaHYZ./.HHH.../..c..../.hch...
observatory_broken_ecliptic|Observatory of the Broken Ecliptic|observatory|5|3,6,11,15,17,19,25,31,38,39,54,60,61|false|surface|OvvvO../v.m.v../vmmmv../OvvvO../..L..../.LLL.../.ZLZ.../..t....
observatory_polar_survey|Polar Survey Observatory and Weather Archive|observatory|3|6,11,15,39,54,61|false|surface|OmO../vZv../vZv../OtO../.ttt./.JtJ./..t..
foundry_bell_casting_court|Bell-Casting Court and Workers' Barracks|foundry|4|18,25,28,36,40,45,47,56,58|false|surface|bEbEb./bbEbb./tEEEt/t.E.t/ttEtt/..k../.tkt.
foundry_underground_furnace|Underground Furnace and Assay Galleries|foundry|4|17,19,24,25,28,36,38,47,56,58,60|false|buried|bEbbE../bE.bE../EEEEE../.ZXZ.../.ZXZ.../..E..../.tVt.../..V....
infirmary_ward_garden|Ward Garden and Hydrotherapy Pavilion|infirmary|3|2,4,6,9,10,26,29,43,46,50,59|false|surface|JwJwJ./JaaaJ./lagal/JaaaJ/JcJcJ/..Z../..V..
infirmary_quarantine_catacomb|Quarantine Catacomb and Pathology Vault|infirmary|4|4,12,16,19,24,43,44,46,50,55,59|false|buried|cJcJc./J.L.J./JJLJJ./.LLL../.XcX../.QcQ../..V.../.JV...
archive_debt_tribunal|Archive of the Debt Tribunal|archive|4|1,2,8,22,23,26,31,45,49,53,56,60|false|buried|ZlZlZ./ZlllZ./XlVlX./XVVVX./.mVm../..Z.../.ZZ.../..V...
archive_mirror_atlas|Mirror Atlas Library and Listening Rooms|archive|4|8,10,15,17,31,43,46,49,50,52,54,60|false|buried|ZPZZZ./ZP.PZ./ZPPPZ./ZZZPZ./.lll../.mZm../..V.../..J...
conservatory_inverted_orchard|Inverted Orchard Conservatory and Root Vault|conservatory|4|9,16,21,29,34,43,44,48,50,51|false|buried|ggLgg../g.L.g../ggLgg../.YLY.../.cLc.../QQZQQ../..Z..../..V....
harbor_ferrymens_exchange|Ferrymen's Exchange and Bonded Vault|harbor|3|0,5,7,11,13,14,30,35,37,42,57|false|surface|iijiij/ijjjji/.jVj../.ZVZ../..I.../.II.../..i...
harbor_submerged_drydock|Submerged Drydock and Salvage Works|harbor|4|0,5,14,30,35,42,55,57|false|underwater|iiEii./i.E.i./iLLLi./i.L.i./iiEii./..I.../.XIX../..i...
barracks_siege_hospital|Siege Hospital and Sally-Port Cells|barracks|4|12,16,27,28,33,37,39,40,47,51,59|false|surface|tJJt../tXXt../tEEt../ttttt./.Q.Q../.QQQ../..t...
excavation_sunken_assay|Sunken Assay Pit and Survey Galleries|excavation|3|3,17,20,24,25,28,38,40,56,60|false|buried|eeemm./e..mm./eZZZE./eeZEE./..e.../.tet../..V...
auditorium_last_broadcast|Last Broadcast Auditorium and Signal Vault|auditorium|4|1,2,10,11,15,23,31,32,43,45,49,52|false|buried|pllp../llll../lVVlZ./JVVJZ./..E.../.pEp../..V...
bathhouse_penitent_springs|Penitent Springs and Reliquary Baths|bathhouse|3|5,7,9,13,30,33,34,37,41,42,53,55,57,59|false|surface|wHwHw./w.I.w./IIkII./w.I.w./wHwHw./..Y.../.YYY../..h...
market_caravan_serai|Caravan Serai and Buried Counting Rooms|market|3|1,12,20,21,22,23,26,27,31,32,37,45,56,60|false|surface|tjjjt./jYaYj./jYaYj./jZZZj./tjjjt./..m.../.tmt../..t...
reliquary_three_witnesses|Reliquary of the Three Witnesses|reliquary|5|8,9,16,33,34,36,37,39,40,41,42,47,51,53,54,58,59,61|false|surface|kHaHk./.HaH../.ZaZ../.HaH../..k.../.QcQ../.QQQ../..H...
viridian_tide_reactor|Viridian Tide Reactor and Storm Tower|research|4|24|true|surface|T=R=V./T=E=V./T===L./.E=I../.E=I../..H...
bloodroot_sawmill_keep|Bloodroot Sawmill Keep and Log Barracks|foundry|4|44|true|surface|tY=Ht./tY=Ht./====E./bI=Eb./bI=Eb./..T=../..tt..
endless_night_signal_citadel|Endless Night Signal Citadel|signal|4|49|true|surface|T=p=T./pR=Rp./=====./pV=Vp./T=H=T./..p=../..tt..
grinning_hollow_amusement_hospital|Grinning Hollow Amusement Hospital|auditorium|4|52|true|surface|lJ=lJ./lP=Pl./=====./jI=Ij./lH=lH./..p=../..tt..
